{"cameraMode":{"drawMode":0,"name":"Shaded","section":"Shading Mode"},"sceneLighting":true,"audioPlay":false,"sceneViewState":{"showFog":true,"showMaterialUpdate":false,"showSkybox":true,"showFlares":true,"showImageEffects":true,"showParticleSystems":true},"in2DMode":false,"pivot":{"x":-2.1527957916259767,"y":2.5938758850097658,"z":20.14394760131836},"rotation":{"x":-0.13011981546878816,"y":0.44020983576774599,"z":-0.06464557349681854,"w":-0.8860618472099304},"size":10.0,"orthographic":false}